Country Name,Country Code,Indicator Name,Indicator Code,2010,2011,2012,2013,2014,2015,2016,2017,2018,2019,2020,2021
Aruba,ABW,GDP (current US$),NY.GDP.MKTP.CD,2453631285,2637988827,2615083799,2727932961,2791061453,2963128492,2983798883,3092178771,3202234637,3368970253,2610038938,3126019399
Africa Eastern and Southern,AFE,GDP (current US$),NY.GDP.MKTP.CD,8.60361E+11,9.64213E+11,9.72002E+11,9.82677E+11,1.0034E+12,9.23144E+11,8.89859E+11,1.03048E+12,1.0167E+12,1.00905E+12,9.34179E+11,1.08945E+12
Afghanistan,AFG,GDP (current US$),NY.GDP.MKTP.CD,15633856787,18190410821,20203572960,20564485419,20550582747,19998156214,18019558182,18896352022,18418848300,18904490263,20143442151,14786861638
Africa Western and Central,AFW,GDP (current US$),NY.GDP.MKTP.CD,5.97129E+11,6.80456E+11,7.3604E+11,8.32217E+11,8.92498E+11,7.66958E+11,6.90545E+11,6.83748E+11,7.6636E+11,7.94719E+11,7.848E+11,8.40187E+11
Angola,AGO,GDP (current US$),NY.GDP.MKTP.CD,81699526881,1.09437E+11,1.24998E+11,1.33402E+11,1.37244E+11,87219300385,49840491178,68972769396,77792944472,69309110146,53619073505,67404287260
Albania,ALB,GDP (current US$),NY.GDP.MKTP.CD,11926922829,12890764531,12319830437,12776220507,13228147516,11386850130,11861199831,13019689337,15156432310,15401830754,15131866271,18255787479
Andorra,AND,GDP (current US$),NY.GDP.MKTP.CD,3449966857,3629203786,3188808943,3193704343,3271808157,2789870188,2896679212,3000180750,3218316013,3155065488,2891022273,3330281524
Arab World,ARB,GDP (current US$),NY.GDP.MKTP.CD,2.327E+12,2.54186E+12,2.78717E+12,2.84353E+12,2.89546E+12,2.53893E+12,2.51649E+12,2.59809E+12,2.80043E+12,2.81836E+12,2.49118E+12,2.86299E+12
United Arab Emirates,ARE,GDP (current US$),NY.GDP.MKTP.CD,2.89787E+11,3.50666E+11,3.8461E+11,4.00219E+11,4.14105E+11,3.70275E+11,3.69255E+11,3.90517E+11,4.27049E+11,4.1799E+11,3.49473E+11,4.15022E+11
Argentina,ARG,GDP (current US$),NY.GDP.MKTP.CD,4.23627E+11,5.30163E+11,5.45982E+11,5.52025E+11,5.2632E+11,5.94749E+11,5.57531E+11,6.43629E+11,5.2482E+11,4.47755E+11,3.8554E+11,4.87227E+11
Armenia,ARM,GDP (current US$),NY.GDP.MKTP.CD,9260284938,10142111334,10619320049,11121465767,11609512940,10553337673,10546135160,11527458566,12457941907,13619291361,12641697523,13861409969
American Samoa,ASM,GDP (current US$),NY.GDP.MKTP.CD,573000000,570000000,640000000,638000000,643000000,673000000,671000000,612000000,639000000,647000000,716000000,709000000
Antigua and Barbuda,ATG,GDP (current US$),NY.GDP.MKTP.CD,1148700000,1137637037,1199948148,1181448148,1249733333,1336692593,1436585185,1467977778,1605944444,1687533333,1370281481,1471125926
Australia,AUS,GDP (current US$),NY.GDP.MKTP.CD,1.14861E+12,1.39841E+12,1.54689E+12,1.57638E+12,1.46755E+12,1.35062E+12,1.20654E+12,1.32652E+12,1.42829E+12,1.39223E+12,1.3269E+12,1.55267E+12
Austria,AUT,GDP (current US$),NY.GDP.MKTP.CD,3.92275E+11,4.31685E+11,4.09402E+11,4.30191E+11,4.42585E+11,3.81971E+11,3.95837E+11,4.17261E+11,4.54991E+11,4.44621E+11,4.35225E+11,4.80368E+11
Azerbaijan,AZE,GDP (current US$),NY.GDP.MKTP.CD,52909294792,65951627200,69683935845,74164435946,75244294275,53074370486,37867518957,40865558912,47112941176,48174235294,42693000000,54622176471
Burundi,BDI,GDP (current US$),NY.GDP.MKTP.CD,2032135247,2235820868,2333341375,2451606684,2705783272,3104003611,2639321161,2712324134,2660123598,2576518846,2649671999,2779813489
Belgium,BEL,GDP (current US$),NY.GDP.MKTP.CD,4.81421E+11,5.2333E+11,4.96153E+11,5.21791E+11,5.3539E+11,4.62336E+11,4.76063E+11,5.02765E+11,5.43299E+11,5.35831E+11,5.25212E+11,5.94104E+11
Benin,BEN,GDP (current US$),NY.GDP.MKTP.CD,9535345011,10693321370,11141358106,12517845128,13284527850,11388160997,11821065852,12701655846,14262408080,14391686309,15651545209,17144918952
Burkina Faso,BFA,GDP (current US$),NY.GDP.MKTP.CD,10109618964,12080296644,12561016091,13444301139,13943016924,11832159276,12833363370,14106956830,15890065020,16178162030,17933606353,19737615114
Bangladesh,BGD,GDP (current US$),NY.GDP.MKTP.CD,1.15279E+11,1.28638E+11,1.33356E+11,1.4999E+11,1.72885E+11,1.95079E+11,2.65236E+11,2.93755E+11,3.21379E+11,3.51238E+11,3.73902E+11,4.16265E+11
Bulgaria,BGR,GDP (current US$),NY.GDP.MKTP.CD,50682061053,57678241024,54300857424,55810138436,57082011260,50781996713,53953897624,59199447421,66363537115,68915875215,70240275010,84056312734
Bahrain,BHR,GDP (current US$),NY.GDP.MKTP.CD,25713271277,28776595745,30749308511,32539468085,33387712766,31050638298,32234973404,35473776596,37802005319,38653318085,34723357447,38868663032
"Bahamas, The",BHS,GDP (current US$),NY.GDP.MKTP.CD,10095760000,10070450000,10720500000,10562800000,11176100000,11861900000,11834600000,12357600000,12755800000,13192800000,9699500000,11208600000
Bosnia and Herzegovina,BIH,GDP (current US$),NY.GDP.MKTP.CD,17176781066,18644723861,17226849166,18178503835,18558343305,16211541593,16913330977,18080118186,20183510863,20202479538,19950471171,23365361635
Belarus,BLR,GDP (current US$),NY.GDP.MKTP.CD,57222490769,61757788945,65685102555,75527984234,78813839984,56454734397,47722657821,54726595249,60031262269,64409647194,61371126414,68205380707
Belize,BLZ,GDP (current US$),NY.GDP.MKTP.CD,1738500000,1819500000,1903000000,2029500000,2138000000,2210500000,2258500000,2286000000,2315000000,2416500000,2080000000,2491500000
Bermuda,BMU,GDP (current US$),NY.GDP.MKTP.CD,6634526000,6312691000,6378188000,6465756000,6413988000,6654541000,6899911000,7142316000,7225977000,7423465000,6887147000,7286607000
Bolivia,BOL,GDP (current US$),NY.GDP.MKTP.CD,19649631308,23963033429,27084497482,30659338886,32996188017,33000198248,33941126200,37508642165,40287647930,40895322844,36629843805,40408208528
Brazil,BRA,GDP (current US$),NY.GDP.MKTP.CD,2.20887E+12,2.6162E+12,2.46519E+12,2.47281E+12,2.45599E+12,1.80221E+12,1.7957E+12,2.06351E+12,1.91695E+12,1.87327E+12,1.44856E+12,1.60898E+12
Barbados,BRB,GDP (current US$),NY.GDP.MKTP.CD,4529928300,4657699450,4610096000,4677248300,4696344350,4724691200,4832811750,4981588900,5097283200,5324250000,4671800000,4843800000
Brunei Darussalam,BRN,GDP (current US$),NY.GDP.MKTP.CD,13707370737,18525319978,19047940301,18093829923,17098342541,12930394938,11400854268,12128104859,13567351175,13469422959,12005825759,14006569576
Bhutan,BTN,GDP (current US$),NY.GDP.MKTP.CD,1547991318,1777101317,1781281282,1756215665,1907090813,2003598213,2158972129,2450364928,2446866405,2535657069,2325184481,2539552985
Botswana,BWA,GDP (current US$),NY.GDP.MKTP.CD,12637319933,15110716534,13907510006,14271752527,15470059202,13530738158,15082579074,16105182316,17031901441,16695928793,14930072459,17614791266
Central African Republic,CAF,GDP (current US$),NY.GDP.MKTP.CD,2142591376,2437982840,2510126699,1691544192,1894813505,1695825708,1825018191,2072349794,2220978978,2221301401,2326720921,2516498299
Canada,CAN,GDP (current US$),NY.GDP.MKTP.CD,1.61734E+12,1.79333E+12,1.82837E+12,1.8466E+12,1.80575E+12,1.55651E+12,1.52799E+12,1.64927E+12,1.72533E+12,1.74202E+12,1.64542E+12,1.98834E+12
Central Europe and the Baltics,CEB,GDP (current US$),NY.GDP.MKTP.CD,1.3183E+12,1.45532E+12,1.35903E+12,1.41696E+12,1.46269E+12,1.29282E+12,1.31647E+12,1.46146E+12,1.64947E+12,1.67508E+12,1.6649E+12,1.90194E+12
Switzerland,CHE,GDP (current US$),NY.GDP.MKTP.CD,5.98851E+11,7.15888E+11,6.8642E+11,7.06235E+11,7.26538E+11,6.94118E+11,6.87895E+11,6.95201E+11,7.25569E+11,7.21369E+11,7.39914E+11,8.0064E+11
Channel Islands,CHI,GDP (current US$),NY.GDP.MKTP.CD,,,,,,,,,,,,
Chile,CHL,GDP (current US$),NY.GDP.MKTP.CD,2.17105E+11,2.51225E+11,2.67176E+11,2.77239E+11,2.59405E+11,2.42497E+11,2.49299E+11,2.76365E+11,2.95403E+11,2.78585E+11,2.52727E+11,3.17059E+11
China,CHN,GDP (current US$),NY.GDP.MKTP.CD,6.08716E+12,7.5515E+12,8.53223E+12,9.57041E+12,1.04757E+13,1.10616E+13,1.12333E+13,1.23104E+13,1.38948E+13,1.42799E+13,1.46877E+13,1.77341E+13
Cote d'Ivoire,CIV,GDP (current US$),NY.GDP.MKTP.CD,34936305297,36693712825,36302305578,42760237561,48843008580,45814637971,47964234560,51588158718,58011466451,58539424930,61348579465,70043191477
Cameroon,CMR,GDP (current US$),NY.GDP.MKTP.CD,27507499709,30630912185,30155064574,33728622819,36386546918,32210232912,33814337900,36098550142,39973839065,39670977333,40773241531,45338283345
"Congo, Dem. Rep.",COD,GDP (current US$),NY.GDP.MKTP.CD,21565720044,25839749199,29306235826,32679745298,35909040266,37917704900,37134799975,38019265626,47568210069,51775830726,48716960860,55350968593
"Congo, Rep.",COG,GDP (current US$),NY.GDP.MKTP.CD,13148395202,15655384440,17692912613,17958721572,17912908766,11890259136,10219341277,11094822713,13670036996,12750339023,10483151176,13366230220
Colombia,COL,GDP (current US$),NY.GDP.MKTP.CD,2.86563E+11,3.34944E+11,3.70921E+11,3.82116E+11,3.81112E+11,2.93482E+11,2.82825E+11,3.11884E+11,3.34198E+11,3.2311E+11,2.703E+11,3.14464E+11
Comoros,COM,GDP (current US$),NY.GDP.MKTP.CD,907978723.5,1023086184,1015843369,1116224161,1149587652,966029542,1012835518,1077439663,1188797575,1195019559,1225039231,1296089633
Cabo Verde,CPV,GDP (current US$),NY.GDP.MKTP.CD,1663913071,1865915544,1741809809,1850470042,1859898513,1596800287,1663008687,1769787215,1966501118,1981845741,1703698677,1936174043
Costa Rica,CRI,GDP (current US$),NY.GDP.MKTP.CD,37658614803,42762617082,47231651863,50949672206,52016408951,56441917653,58847016045,60516043590,62420165100,64417670083,62158002233,64282438667
Caribbean small states,CSS,GDP (current US$),NY.GDP.MKTP.CD,64943467922,70083173169,73852722208,75232098979,76921757096,75669285316,71061689480,73590179850,76350610223,77428424854,65896805290,75295300457
Cuba,CUB,GDP (current US$),NY.GDP.MKTP.CD,59562962963,68990000000,73141000000,77148000000,80656000000,87133000000,91370000000,96851000000,1.0005E+11,1.03428E+11,1.07352E+11,
Curacao,CUW,GDP (current US$),NY.GDP.MKTP.CD,,2933128492,3024525140,3039944134,3048435754,3042737430,3014748603,3009497207,3020388827,2995185475,2496174749,2699612458
Cayman Islands,CYM,GDP (current US$),NY.GDP.MKTP.CD,4156990760,4186223809,4291159006,4405954638,4563017881,4708336733,4909498980,5166467299,5530377535,5943589104,5608989200,5898449688
Cyprus,CYP,GDP (current US$),NY.GDP.MKTP.CD,25800247912,27642086581,25048659900,23961144906,23226782251,19909190059,21046951516,22946726164,25596474965,25944504646,25008448886,28407867534
Czechia,CZE,GDP (current US$),NY.GDP.MKTP.CD,2.0907E+11,2.29563E+11,2.08858E+11,2.11686E+11,2.09359E+11,1.88033E+11,1.96272E+11,2.18629E+11,2.49001E+11,2.52548E+11,2.45975E+11,2.81778E+11
Germany,DEU,GDP (current US$),NY.GDP.MKTP.CD,3.39967E+12,3.74931E+12,3.52714E+12,3.7338E+12,3.88909E+12,3.35759E+12,3.46985E+12,3.69085E+12,3.97444E+12,3.88823E+12,3.88967E+12,4.25993E+12
Djibouti,DJI,GDP (current US$),NY.GDP.MKTP.CD,1128611700,1239144502,1353632942,2042817163,2214679081,2424391785,2604955229,2762581334,2913466732,3088853639,3181071154,3482987379
Dominica,DMA,GDP (current US$),NY.GDP.MKTP.CD,493825925.9,501025925.9,485996296.3,498296296.3,520207407.4,540737037,576229629.6,521551851.9,554770370.4,611537037,504214814.8,554181481.5
Denmark,DNK,GDP (current US$),NY.GDP.MKTP.CD,3.21995E+11,3.44003E+11,3.27149E+11,3.43584E+11,3.52994E+11,3.02673E+11,3.13116E+11,3.32121E+11,3.56841E+11,3.46499E+11,3.55222E+11,3.98303E+11
Dominican Republic,DOM,GDP (current US$),NY.GDP.MKTP.CD,53860175556,58029750746,60681537196,62682163837,67179914027,71164825257,75704720190,79997975622,85555378043,88941299734,78844702329,94243453937
Algeria,DZA,GDP (current US$),NY.GDP.MKTP.CD,1.61207E+11,2.00013E+11,2.09059E+11,2.09755E+11,2.1381E+11,1.65979E+11,1.60034E+11,1.70097E+11,1.74911E+11,1.71767E+11,1.45009E+11,1.63044E+11
East Asia & Pacific (excluding high income),EAP,GDP (current US$),NY.GDP.MKTP.CD,7.8895E+12,9.64553E+12,1.07592E+13,1.18711E+13,1.27988E+13,1.33276E+13,1.36125E+13,1.48773E+13,1.66404E+13,1.72079E+13,1.74869E+13,2.07518E+13
Early-demographic dividend,EAR,GDP (current US$),NY.GDP.MKTP.CD,8.80498E+12,9.71865E+12,1.01563E+13,1.02976E+13,1.06514E+13,1.01317E+13,1.04582E+13,1.12951E+13,1.14219E+13,1.1638E+13,1.08514E+13,1.26373E+13
East Asia & Pacific,EAS,GDP (current US$),NY.GDP.MKTP.CD,1.70664E+13,1.97906E+13,2.11722E+13,2.14107E+13,2.20862E+13,2.19972E+13,2.2772E+13,2.43249E+13,2.64823E+13,2.70283E+13,2.71273E+13,3.09117E+13
Europe & Central Asia (excluding high income),ECA,GDP (current US$),NY.GDP.MKTP.CD,2.95306E+12,3.67001E+12,3.9147E+12,4.15023E+12,3.84583E+12,2.9214E+12,2.77773E+12,3.11819E+12,3.18254E+12,3.24864E+12,2.98263E+12,3.51737E+12
Europe & Central Asia,ECS,GDP (current US$),NY.GDP.MKTP.CD,2.10217E+13,2.33055E+13,2.24498E+13,2.34525E+13,2.37797E+13,2.04841E+13,2.04186E+13,2.16539E+13,2.31936E+13,2.291E+13,2.214E+13,2.50828E+13
Ecuador,ECU,GDP (current US$),NY.GDP.MKTP.CD,69555367000,79276664000,87924544000,95129659000,1.01726E+11,99290381000,99937696000,1.04296E+11,1.07562E+11,1.08108E+11,99291124000,1.06166E+11
"Egypt, Arab Rep.",EGY,GDP (current US$),NY.GDP.MKTP.CD,2.18984E+11,2.3599E+11,2.79117E+11,2.88434E+11,3.05595E+11,3.29367E+11,3.32442E+11,2.35734E+11,2.49713E+11,3.03081E+11,3.65253E+11,4.04143E+11
Euro area,EMU,GDP (current US$),NY.GDP.MKTP.CD,1.26417E+13,1.36379E+13,1.26388E+13,1.31963E+13,1.35101E+13,1.16755E+13,1.19737E+13,1.26797E+13,1.36982E+13,1.34182E+13,1.30855E+13,1.45633E+13
Eritrea,ERI,GDP (current US$),NY.GDP.MKTP.CD,1589515447,2065001626,,,,,,,,,,
Spain,ESP,GDP (current US$),NY.GDP.MKTP.CD,1.42211E+12,1.48071E+12,1.32475E+12,1.35558E+12,1.37182E+12,1.19616E+12,1.23355E+12,1.31325E+12,1.4217E+12,1.39432E+12,1.27696E+12,1.42738E+12
Estonia,EST,GDP (current US$),NY.GDP.MKTP.CD,19523477326,23213994093,23019150071,25115753366,26634083965,22890762090,24072829277,26924385103,30624720196,31081901909,31370395573,37191166152
Ethiopia,ETH,GDP (current US$),NY.GDP.MKTP.CD,29933790334,31952763089,43310721414,47648211133,55612228234,64589334979,74296618481,81770791971,84269348327,95912590628,1.07658E+11,1.11271E+11
European Union,EUU,GDP (current US$),NY.GDP.MKTP.CD,1.45579E+13,1.57656E+13,1.46421E+13,1.52945E+13,1.56497E+13,1.35525E+13,1.3889E+13,1.47649E+13,1.59808E+13,1.56934E+13,1.53694E+13,1.71774E+13
Fragile and conflict affected situations,FCS,GDP (current US$),NY.GDP.MKTP.CD,1.78899E+12,1.68247E+12,1.88513E+12,1.95664E+12,2.07643E+12,1.6569E+12,1.56286E+12,1.65405E+12,1.73993E+12,1.80439E+12,1.68089E+12,1.79902E+12
Finland,FIN,GDP (current US$),NY.GDP.MKTP.CD,2.49424E+11,2.75604E+11,2.5829E+11,2.71362E+11,2.74863E+11,2.34534E+11,2.40771E+11,2.55648E+11,2.75708E+11,2.68515E+11,2.71892E+11,2.97302E+11
Fiji,FJI,GDP (current US$),NY.GDP.MKTP.CD,3140181444,3779378134,3972012571,4189915667,4857220602,4682546881,4930204220,5353404419,5581371848,5481675173,4477040340,4296304590
France,FRA,GDP (current US$),NY.GDP.MKTP.CD,2.64519E+12,2.86516E+12,2.68367E+12,2.81188E+12,2.85596E+12,2.43919E+12,2.47296E+12,2.59515E+12,2.79096E+12,2.72887E+12,2.63901E+12,2.95788E+12
Faroe Islands,FRO,GDP (current US$),NY.GDP.MKTP.CD,2331786419,2505746270,2427190332,2690116269,2913995546,2573908649,2813286391,2980054219,3188610522,3275706960,3248696902,3649886275
"Micronesia, Fed. Sts.",FSM,GDP (current US$),NY.GDP.MKTP.CD,296944100,311301600,327248700,317214400,319271200,316489900,332265200,366666800,401932300,412000000,408000000,404028900
Gabon,GAB,GDP (current US$),NY.GDP.MKTP.CD,14372591916,18210308748,17170465294,17595745653,18203968002,14383107714,14023890620,14929488771,16867326390,16874405460,15314577168,20216843174
United Kingdom,GBR,GDP (current US$),NY.GDP.MKTP.CD,2.4914E+12,2.6664E+12,2.70634E+12,2.78632E+12,3.06522E+12,2.93486E+12,2.69966E+12,2.6834E+12,2.87815E+12,2.85706E+12,2.70461E+12,3.13138E+12
Georgia,GEO,GDP (current US$),NY.GDP.MKTP.CD,12243505583,15107441447,16488403076,17189551521,17627003455,14953950557,15141758567,16242916916,17596922470,17470436259,15842922533,18629365597
Ghana,GHA,GDP (current US$),NY.GDP.MKTP.CD,32197272797,39337314810,41270954737,62823043706,54782847753,49406568433,56165172899,60406382899,67299280680,68337537816,70043199814,77594279055
Gibraltar,GIB,GDP (current US$),NY.GDP.MKTP.CD,,,,,,,,,,,,
Guinea,GIN,GDP (current US$),NY.GDP.MKTP.CD,6853467858,6785137173,7638045254,8376613843,8778473615,8794202444,8595955581,10324668267,11857030337,13442861444,14177835816,16091817842
"Gambia, The",GMB,GDP (current US$),NY.GDP.MKTP.CD,1543292393,1409694554,1415006238,1375608956,1229460602,1378176868,1484579844,1504909753,1670670669,1813608280,1812169484,2038417462
Guinea-Bissau,GNB,GDP (current US$),NY.GDP.MKTP.CD,849878424.2,1099818652,989271229.6,1046087418,1054915645,1048229629,1179004941,1350177128,1504630121,1439638443,1431758243,1638517533
Equatorial Guinea,GNQ,GDP (current US$),NY.GDP.MKTP.CD,16314442183,21357344847,22388345810,21948835350,21765454404,13185496836,11240809132,12200912828,13097011143,11364133802,10099158075,12269392840
Greece,GRC,GDP (current US$),NY.GDP.MKTP.CD,2.97125E+11,2.82996E+11,2.42029E+11,2.38908E+11,2.35458E+11,1.95684E+11,1.93148E+11,1.99844E+11,2.12049E+11,2.05257E+11,1.88926E+11,2.14874E+11
Grenada,GRD,GDP (current US$),NY.GDP.MKTP.CD,771013259.3,778655925.9,799882259.3,842620111.1,911500000,997007407.4,1061640741,1125681481,1166511111,1213485185,1043414815,1122807407
Greenland,GRL,GDP (current US$),NY.GDP.MKTP.CD,2503156061,2684467376,2609667674,2684952727,2842048998,2499115623,2707146783,2851610656,3055791341,2994332324,3076015347,
Guatemala,GTM,GDP (current US$),NY.GDP.MKTP.CD,40676432029,46876114650,49593961142,52996540704,57852399964,62186186576,66053725049,71654134379,73328024537,77170421168,77625486978,85985752107
Guam,GUM,GDP (current US$),NY.GDP.MKTP.CD,4949000000,4984000000,5265000000,5399000000,5610000000,5799000000,5901000000,6013000000,6056000000,6366000000,5886000000,6123000000
Guyana,GUY,GDP (current US$),NY.GDP.MKTP.CD,3432913073,3691384318,4063089192,4167800259,4127659492,4279840194,4482697337,4748174334,4787636237,5173760192,5471256595,8044498801
High income,HIC,GDP (current US$),NY.GDP.MKTP.CD,4.57539E+13,4.93982E+13,4.94294E+13,5.00347E+13,5.11106E+13,4.82464E+13,4.92797E+13,5.15381E+13,5.47992E+13,5.52729E+13,5.38746E+13,5.98297E+13
"Hong Kong SAR, China",HKG,GDP (current US$),NY.GDP.MKTP.CD,2.28638E+11,2.48514E+11,2.62629E+11,2.75697E+11,2.91459E+11,3.09384E+11,3.20858E+11,3.41273E+11,3.61731E+11,3.63052E+11,3.44932E+11,3.69176E+11
Honduras,HND,GDP (current US$),NY.GDP.MKTP.CD,15839344592,17710315006,18528601901,18499710128,19756494435,20979767785,21717622071,23136232230,24067778954,25089976947,23827840810,28488668302
Heavily indebted poor countries (HIPC),HPC,GDP (current US$),NY.GDP.MKTP.CD,5.19695E+11,5.83082E+11,6.04271E+11,6.72639E+11,7.14858E+11,6.93083E+11,7.28313E+11,8.08419E+11,7.70673E+11,7.97572E+11,8.03236E+11,8.91901E+11
Croatia,HRV,GDP (current US$),NY.GDP.MKTP.CD,60672093865,63408294943,57369359295,59032066092,58423981441,50242783066,52397494687,56323836170,62316840750,62327983580,57472012427,68955083280
Haiti,HTI,GDP (current US$),NY.GDP.MKTP.CD,11859315079,13008754111,13708926466,14902474091,15139264670,14833154472,13987693739,15035560373,16455034353,14785839383,14508218017,20944392615
Hungary,HUN,GDP (current US$),NY.GDP.MKTP.CD,1.32175E+11,1.41942E+11,1.28814E+11,1.35684E+11,1.41034E+11,1.25174E+11,1.2861E+11,1.43112E+11,1.60565E+11,1.63989E+11,1.57182E+11,1.81848E+11
IBRD only,IBD,GDP (current US$),NY.GDP.MKTP.CD,2.00996E+13,2.37969E+13,2.52903E+13,2.6685E+13,2.75969E+13,2.58543E+13,2.60599E+13,2.87701E+13,3.06032E+13,3.12506E+13,3.0069E+13,3.55114E+13
IDA & IBRD total,IBT,GDP (current US$),NY.GDP.MKTP.CD,2.17864E+13,2.55058E+13,2.709E+13,2.86408E+13,2.97068E+13,2.7911E+13,2.81667E+13,3.0973E+13,3.28917E+13,3.36002E+13,3.24044E+13,3.80628E+13
IDA total,IDA,GDP (current US$),NY.GDP.MKTP.CD,1.6872E+12,1.70879E+12,1.79943E+12,1.95582E+12,2.10989E+12,2.05569E+12,2.10553E+12,2.20201E+12,2.28768E+12,2.34878E+12,2.33505E+12,2.54911E+12
IDA blend,IDB,GDP (current US$),NY.GDP.MKTP.CD,7.15434E+11,8.23734E+11,9.09022E+11,9.89433E+11,1.0768E+12,1.01769E+12,9.77135E+11,9.598E+11,1.04839E+12,1.04264E+12,1.00207E+12,1.09648E+12
Indonesia,IDN,GDP (current US$),NY.GDP.MKTP.CD,7.55094E+11,8.92969E+11,9.1787E+11,9.12524E+11,8.90815E+11,8.60854E+11,9.31877E+11,1.01562E+12,1.04227E+12,1.1191E+12,1.05869E+12,1.18609E+12
IDA only,IDX,GDP (current US$),NY.GDP.MKTP.CD,9.72476E+11,8.8533E+11,8.90414E+11,9.66391E+11,1.03307E+12,1.03805E+12,1.12934E+12,1.24405E+12,1.2405E+12,1.30846E+12,1.33638E+12,1.45625E+12
Isle of Man,IMN,GDP (current US$),NY.GDP.MKTP.CD,5920177689,6566098382,6690725118,7000748788,7708834951,7085288006,6846691871,6979581725,7491969313,7315388052,,
India,IND,GDP (current US$),NY.GDP.MKTP.CD,1.67562E+12,1.82305E+12,1.82764E+12,1.85672E+12,2.03913E+12,2.10359E+12,2.2948E+12,2.65147E+12,2.70293E+12,2.83155E+12,2.66769E+12,3.1763E+12
Not classified,INX,GDP (current US$),NY.GDP.MKTP.CD,,,,,,,,,,,,
Ireland,IRL,GDP (current US$),NY.GDP.MKTP.CD,2.21914E+11,2.39003E+11,2.25629E+11,2.38341E+11,2.59171E+11,2.91775E+11,2.99091E+11,3.36378E+11,3.85737E+11,3.99322E+11,4.25852E+11,5.04183E+11
"Iran, Islamic Rep.",IRN,GDP (current US$),NY.GDP.MKTP.CD,4.86808E+11,6.26133E+11,6.44036E+11,4.92776E+11,4.60383E+11,4.08213E+11,4.57955E+11,4.8663E+11,3.31682E+11,2.83747E+11,2.39736E+11,3.59713E+11
Iraq,IRQ,GDP (current US$),NY.GDP.MKTP.CD,1.38517E+11,1.8575E+11,2.18002E+11,2.34638E+11,2.28416E+11,1.66774E+11,1.66602E+11,1.87218E+11,2.27367E+11,2.33636E+11,1.8437E+11,2.07889E+11
Iceland,ISL,GDP (current US$),NY.GDP.MKTP.CD,13751161918,15221622926,14751508134,16125060515,17867662178,17517210519,20793168031,24728285177,26264127687,24826102120,21694674810,25602419210
Israel,ISR,GDP (current US$),NY.GDP.MKTP.CD,2.38364E+11,2.66792E+11,2.62282E+11,2.97733E+11,3.1433E+11,3.03414E+11,3.22103E+11,3.58245E+11,3.76692E+11,4.02471E+11,4.13268E+11,4.88527E+11
Italy,ITA,GDP (current US$),NY.GDP.MKTP.CD,2.1361E+12,2.29499E+12,2.08696E+12,2.14192E+12,2.16201E+12,1.83664E+12,1.87707E+12,1.9618E+12,2.09193E+12,2.0113E+12,1.89676E+12,2.1077E+12
Jamaica,JAM,GDP (current US$),NY.GDP.MKTP.CD,13220556883,14444655300,14807086889,14264202737,13899228824,14188935948,14077109397,14808989993,15730793853,15830768550,13812425037,14657586937
Jordan,JOR,GDP (current US$),NY.GDP.MKTP.CD,27133804244,29524149165,31634561670,34454440181,36847643587,38587017944,39892551149,41608435922,43370860549,44993992365,44182298292,45744271659
Japan,JPN,GDP (current US$),NY.GDP.MKTP.CD,5.75907E+12,6.23315E+12,6.27236E+12,5.21233E+12,4.89699E+12,4.44493E+12,5.00368E+12,4.93084E+12,5.03784E+12,5.12332E+12,5.04011E+12,4.94088E+12
Kazakhstan,KAZ,GDP (current US$),NY.GDP.MKTP.CD,1.48047E+11,1.92627E+11,2.07999E+11,2.36635E+11,2.21416E+11,1.84388E+11,1.37278E+11,1.66806E+11,1.7934E+11,1.81667E+11,1.71082E+11,1.97112E+11
Kenya,KEN,GDP (current US$),NY.GDP.MKTP.CD,45405587557,46869457318,56396706006,61671425370,68285768554,70120413329,74815121315,82035800868,92202956321,1.0038E+11,1.00667E+11,1.10347E+11
Kyrgyz Republic,KGZ,GDP (current US$),NY.GDP.MKTP.CD,4794357795,6197766119,6605139933,7335027592,7468096567,6678178340,6813092066,7702934800,8271108638,8871026074,7780874537,8543423503
Cambodia,KHM,GDP (current US$),NY.GDP.MKTP.CD,11242275199,12829541141,14054443213,15227991395,16702610842,18049954289,20016747754,22177200512,24571753583,27089389787,25872798012,26961061120
Kiribati,KIR,GDP (current US$),NY.GDP.MKTP.CD,155299761.5,180665807.1,189630151.2,184550782,177862267.9,170291037.5,178509812.7,188192060.1,196230573.8,177935349.3,180911843.6,207031250
St. Kitts and Nevis,KNA,GDP (current US$),NY.GDP.MKTP.CD,778718111.1,836092407.4,826231629.6,875376407.4,953174074.1,957040740.7,1008100000,1058937037,1076911111,1107840741,884525925.9,860840740.7
"Korea, Rep.",KOR,GDP (current US$),NY.GDP.MKTP.CD,1.14407E+12,1.25322E+12,1.27843E+12,1.3708E+12,1.48432E+12,1.46577E+12,1.50011E+12,1.6239E+12,1.72485E+12,1.65142E+12,1.64431E+12,1.81096E+12
Kuwait,KWT,GDP (current US$),NY.GDP.MKTP.CD,1.15419E+11,1.54068E+11,1.7407E+11,1.74161E+11,1.62631E+11,1.14567E+11,1.0942E+11,1.20707E+11,1.38182E+11,1.36197E+11,1.0596E+11,
Latin America & Caribbean (excluding high income),LAC,GDP (current US$),NY.GDP.MKTP.CD,4.51375E+12,5.27594E+12,5.24829E+12,5.38639E+12,5.4111E+12,4.59949E+12,4.47002E+12,4.98562E+12,4.84146E+12,4.77398E+12,3.99765E+12,4.5851E+12
Lao PDR,LAO,GDP (current US$),NY.GDP.MKTP.CD,7131773633,8750107402,10192848926,11983252611,13279248479,14426381187,15912495369,17071162084,18141651381,18740559554,18981800705,18827148510
Lebanon,LBN,GDP (current US$),NY.GDP.MKTP.CD,38443907042,39927125961,44016799516,46880103081,48095213746,49929337837,51147308774,53027680686,54901519156,51953744530,31712128254,23131940281
Liberia,LBR,GDP (current US$),NY.GDP.MKTP.CD,1998000000,2398000000,2791614000,3177198100,3225652000,3227075700,3398419600,3390703400,3422754800,3319596500,3039982500,3509000000
Libya,LBY,GDP (current US$),NY.GDP.MKTP.CD,75380170508,48167374612,92538004280,75350633011,57372445772,48717854040,49910960875,67158415842,76684175824,69252306372,50357312595,42817472975
St. Lucia,LCA,GDP (current US$),NY.GDP.MKTP.CD,1486758037,1576988407,1605146778,1664816741,1749289303,1807227215,1865459670,1996710563,2057067919,2094201725,1516015719,1691275157
Latin America & Caribbean,LCN,GDP (current US$),NY.GDP.MKTP.CD,5.34763E+12,6.08641E+12,6.15223E+12,6.30381E+12,6.42818E+12,5.37209E+12,5.2496E+12,5.83186E+12,5.70298E+12,5.61871E+12,4.74237E+12,5.45443E+12
Least developed countries: UN classification,LDC,GDP (current US$),NY.GDP.MKTP.CD,6.85626E+11,7.96496E+11,8.36833E+11,9.12226E+11,9.8097E+11,9.49198E+11,9.96515E+11,1.11413E+12,1.09854E+12,1.15304E+12,1.17658E+12,1.28091E+12
Low income,LIC,GDP (current US$),NY.GDP.MKTP.CD,3.57153E+11,3.97459E+11,4.05292E+11,4.3935E+11,4.69063E+11,4.67057E+11,4.89979E+11,5.49268E+11,4.95876E+11,5.0413E+11,5.0874E+11,5.62978E+11
Liechtenstein,LIE,GDP (current US$),NY.GDP.MKTP.CD,5082366478,5739977477,5456009385,6391735894,6657170923,6268391521,6237264055,6474256119,6692504346,6427248943,6113951012,
Sri Lanka,LKA,GDP (current US$),NY.GDP.MKTP.CD,58636150710,67753288946,70447191496,77000596661,82528526230,85140963537,88012262257,94376246467,94493847352,89014990792,85349112171,88927263725
Lower middle income,LMC,GDP (current US$),NY.GDP.MKTP.CD,5.25442E+12,6.04296E+12,6.33964E+12,6.44689E+12,6.7226E+12,6.54602E+12,6.89923E+12,7.41221E+12,7.59976E+12,7.90859E+12,7.61724E+12,8.74253E+12
Low & middle income,LMY,GDP (current US$),NY.GDP.MKTP.CD,2.0457E+13,2.41418E+13,2.56892E+13,2.72005E+13,2.81397E+13,2.66804E+13,2.69255E+13,2.95909E+13,3.13699E+13,3.20798E+13,3.09484E+13,3.63706E+13
Lesotho,LSO,GDP (current US$),NY.GDP.MKTP.CD,2234731974,2579421686,2477702253,2367113170,2441053176,2359759799,2114428033,2306741845,2553495916,2453980835,2231214507,2496134680
Late-demographic dividend,LTE,GDP (current US$),NY.GDP.MKTP.CD,1.35445E+13,1.65084E+13,1.76693E+13,1.90293E+13,1.9771E+13,1.85456E+13,1.85935E+13,2.06293E+13,2.26208E+13,2.3047E+13,2.24934E+13,2.66221E+13
Lithuania,LTU,GDP (current US$),NY.GDP.MKTP.CD,37128694028,43535051482,42927454291,46523420074,48533659592,41435533340,43047309306,47758736932,53751411409,54751510088,56846622904,66445256585
Luxembourg,LUX,GDP (current US$),NY.GDP.MKTP.CD,56213985987,61696281326,59776383527,65203276467,68804811898,60071584216,62216885436,65712180343,71000359760,69825641851,73992591285,85506243834
Latvia,LVA,GDP (current US$),NY.GDP.MKTP.CD,23956163077,27474380566,28169902669,30204783462,31386896487,27263090547,28083597512,30483806018,34429023435,34343961073,34601740323,39853501580
"Macao SAR, China",MAC,GDP (current US$),NY.GDP.MKTP.CD,28241858489,36845925519,43189526778,51536304808,54903031138,45047964934,45070605746,50440941939,55284360483,55204758070,25459563655,30123914809
St. Martin (French part),MAF,GDP (current US$),NY.GDP.MKTP.CD,,775890868.6,,,772950710.8,,,,,,,
Morocco,MAR,GDP (current US$),NY.GDP.MKTP.CD,93216746662,1.0137E+11,98266306615,1.06826E+11,1.19131E+11,1.10414E+11,1.11573E+11,1.18541E+11,1.27341E+11,1.2892E+11,1.21348E+11,1.42866E+11
Monaco,MCO,GDP (current US$),NY.GDP.MKTP.CD,5367625613,6088808463,5743029680,6555983530,7069616049,6261622101,6472990923,6431314957,7194024563,7383745662,6739691605,8596096984
Moldova,MDA,GDP (current US$),NY.GDP.MKTP.CD,6974982393,8414351672,8709138765,9496717702,9510198962,7745241913,8071469355,9669741744,11457443185,11971345003,11859730544,13679221333
Madagascar,MDG,GDP (current US$),NY.GDP.MKTP.CD,9982711338,11551819618,11578974888,12423555269,12522957228,11323020829,11848613735,13176313594,13760033097,14104664515,13051441059,14472603323
Maldives,MDV,GDP (current US$),NY.GDP.MKTP.CD,2588176055,2774351760,2886170572,3295011382,3697351597,4109424800,4379136462,4754175869,5300962660,5609400722,3746321936,5405576236
Middle East & North Africa,MEA,GDP (current US$),NY.GDP.MKTP.CD,2.97677E+12,3.35414E+12,3.62753E+12,3.56565E+12,3.59221E+12,3.16419E+12,3.19232E+12,3.31325E+12,3.47725E+12,3.47205E+12,3.1157E+12,3.67984E+12
Mexico,MEX,GDP (current US$),NY.GDP.MKTP.CD,1.0578E+12,1.18049E+12,1.20109E+12,1.27444E+12,1.31535E+12,1.17187E+12,1.07849E+12,1.15891E+12,1.22241E+12,1.26901E+12,1.09052E+12,1.27284E+12
Marshall Islands,MHL,GDP (current US$),NY.GDP.MKTP.CD,160318500,171567100,179855800,185468000,185172900,182997300,200716000,212701200,219330300,232092300,241722400,259538700
Middle income,MIC,GDP (current US$),NY.GDP.MKTP.CD,1.98588E+13,2.36905E+13,2.52544E+13,2.67535E+13,2.76622E+13,2.62096E+13,2.64491E+13,2.90571E+13,3.09043E+13,3.15903E+13,3.04686E+13,3.58451E+13
North Macedonia,MKD,GDP (current US$),NY.GDP.MKTP.CD,9407168702,10494632699,9745251126,10817712139,11362272838,10064515432,10672471861,11307058382,12683070061,12606338449,12363580535,13825049832
Mali,MLI,GDP (current US$),NY.GDP.MKTP.CD,10689167195,12995113407,12442036265,13242691430,14364937997,13104764334,14026048691,15365711725,17070866299,17280251194,17465392916,19140461606
Malta,MLT,GDP (current US$),NY.GDP.MKTP.CD,9035927350,9638919822,9462289606,10551600478,11626278730,11091423499,11668253265,13489380931,15298771847,15725847979,14933066819,17364044944
Myanmar,MMR,GDP (current US$),NY.GDP.MKTP.CD,37796052939,54118601975,58318677645,60572257122,63264892768,63045305229,60291736894,61449392056,67144725831,68697759361,78930257227,65091751273
Middle East & North Africa (excluding high income),MNA,GDP (current US$),NY.GDP.MKTP.CD,1.58013E+12,1.62769E+12,1.75613E+12,1.61513E+12,1.60086E+12,1.43907E+12,1.47584E+12,1.46428E+12,1.39081E+12,1.39357E+12,1.27409E+12,1.49375E+12
Montenegro,MNE,GDP (current US$),NY.GDP.MKTP.CD,4143033276,4544516982,4087725813,4466039315,4594024180,4054712083,4377033429,4856632399,5506766651,5542053845,4769860741,5861268039
Mongolia,MNG,GDP (current US$),NY.GDP.MKTP.CD,7189481824,10409797649,12292770631,12582122604,12226514722,11619892396,11181350461,11480847745,13178094459,14206359007,13312981595,15286441818
Northern Mariana Islands,MNP,GDP (current US$),NY.GDP.MKTP.CD,799000000,729000000,746000000,772000000,832000000,910000000,1230000000,1560000000,1302000000,1182000000,,
Mozambique,MOZ,GDP (current US$),NY.GDP.MKTP.CD,11104648673,14381552433,16350804543,16974320551,17716084108,15950969019,11936999283,13219084261,14845402474,15390039242,14028811072,15776758633
Mauritania,MRT,GDP (current US$),NY.GDP.MKTP.CD,5628882266,6764635687,6728208836,7223063170,6592537782,6166857629,6398738829,6800141922,7473550557,8066126312,8405491202,9996249658
Mauritius,MUS,GDP (current US$),NY.GDP.MKTP.CD,10003670690,11518393367,11668685524,12292957324,13074137210,12007291046,12594149441,13713509312,14735695931,14436353898,11401050655,11529042672
Malawi,MWI,GDP (current US$),NY.GDP.MKTP.CD,6959655571,8004000737,6028487929,5518880769,6047813437,6373212641,5433040160,8943543677,9880675786,11025371147,12182348213,12626717492
Malaysia,MYS,GDP (current US$),NY.GDP.MKTP.CD,2.55017E+11,2.97952E+11,3.14443E+11,3.23277E+11,3.38062E+11,3.01355E+11,3.01255E+11,3.19112E+11,3.58792E+11,3.65175E+11,3.37338E+11,3.72981E+11
North America,NAC,GDP (current US$),NY.GDP.MKTP.CD,1.66729E+13,1.73994E+13,1.80887E+13,1.86963E+13,1.93628E+13,1.97692E+13,2.023E+13,2.11337E+13,2.22656E+13,2.31304E+13,2.27128E+13,2.53107E+13
Namibia,NAM,GDP (current US$),NY.GDP.MKTP.CD,11431334447,12523402329,13042007432,12043276401,12435416063,11335179561,10721994676,12895153157,13682062251,12541928105,10581585630,12310595844
New Caledonia,NCL,GDP (current US$),NY.GDP.MKTP.CD,9364347372,10351442209,9659153061,10151385306,10635039739,8738205837,8724570250,9173668102,9846922416,9438130987,9435529927,10071351960
Niger,NER,GDP (current US$),NY.GDP.MKTP.CD,7851191899,8772951262,9426913349,10224897935,10862944204,9683867894,10398862245,11185102400,12808660528,12916455161,13744174690,14915001427
Nigeria,NGA,GDP (current US$),NY.GDP.MKTP.CD,3.66991E+11,4.14467E+11,4.63971E+11,5.20117E+11,5.74184E+11,4.93027E+11,4.04649E+11,3.75746E+11,4.21739E+11,4.4812E+11,4.32199E+11,4.40834E+11
Nicaragua,NIC,GDP (current US$),NY.GDP.MKTP.CD,8758639096,9774307336,10532006608,10982979274,11880434071,12756706583,13286083645,13785909906,13025239912,12596636042,12586970511,14013022092
Netherlands,NLD,GDP (current US$),NY.GDP.MKTP.CD,8.47381E+11,9.05271E+11,8.38923E+11,8.77173E+11,8.92168E+11,7.65573E+11,7.8406E+11,8.3387E+11,9.14043E+11,9.10194E+11,9.09793E+11,1.01285E+12
Norway,NOR,GDP (current US$),NY.GDP.MKTP.CD,4.28757E+11,4.98283E+11,5.09506E+11,5.22762E+11,4.9841E+11,3.85802E+11,3.68827E+11,3.98394E+11,4.37E+11,4.04941E+11,3.62198E+11,4.82175E+11
Nepal,NPL,GDP (current US$),NY.GDP.MKTP.CD,16002656434,21573862467,21703106502,22162208956,22731602970,24360795411,24524098185,28971589213,33111525872,34186190996,33433670512,36288830373
Nauru,NRU,GDP (current US$),NY.GDP.MKTP.CD,47564520.39,66055407.67,96927201.48,98491843.64,104654365.2,86529661.37,99723394.96,109359680.2,124021393.7,118724073.8,114626625.6,133218896.9
New Zealand,NZL,GDP (current US$),NY.GDP.MKTP.CD,1.46518E+11,1.68291E+11,1.76207E+11,1.90907E+11,2.01313E+11,1.78064E+11,1.88838E+11,2.06624E+11,2.11953E+11,2.13435E+11,2.11735E+11,2.49886E+11
OECD members,OED,GDP (current US$),NY.GDP.MKTP.CD,4.52535E+13,4.86715E+13,4.86193E+13,4.92672E+13,5.02755E+13,4.74088E+13,4.83254E+13,5.04439E+13,5.33658E+13,5.38786E+13,5.25171E+13,5.82684E+13
Oman,OMN,GDP (current US$),NY.GDP.MKTP.CD,64993498049,77497529259,87408842653,89936020806,92699089727,78710793238,75128738622,80856697009,91505851756,88060858257,75909397659,88191977373
Other small states,OSS,GDP (current US$),NY.GDP.MKTP.CD,3.22389E+11,3.96801E+11,4.138E+11,4.31883E+11,4.46441E+11,3.70322E+11,3.66357E+11,3.98943E+11,4.42888E+11,4.33363E+11,3.78315E+11,4.53948E+11
Pakistan,PAK,GDP (current US$),NY.GDP.MKTP.CD,1.77166E+11,2.13587E+11,2.24384E+11,2.31219E+11,2.44361E+11,2.70556E+11,3.1363E+11,3.39206E+11,3.56128E+11,3.20909E+11,3.00426E+11,3.48263E+11
Panama,PAN,GDP (current US$),NY.GDP.MKTP.CD,29440287600,34686224300,40429700000,45599900000,49921400000,54091800000,57907700000,62202700000,64929400000,66984400000,53977000000,63605100000
Peru,PER,GDP (current US$),NY.GDP.MKTP.CD,1.47529E+11,1.71762E+11,1.92649E+11,2.01175E+11,2.00789E+11,1.89805E+11,1.91896E+11,2.11007E+11,2.22597E+11,2.28323E+11,2.01705E+11,2.23249E+11
Philippines,PHL,GDP (current US$),NY.GDP.MKTP.CD,2.08369E+11,2.34217E+11,2.61921E+11,2.83903E+11,2.97483E+11,3.06446E+11,3.18627E+11,3.28481E+11,3.46842E+11,3.76823E+11,3.61751E+11,3.94086E+11
Palau,PLW,GDP (current US$),NY.GDP.MKTP.CD,185943000,196911100,212397800,221117200,241669800,280457700,298300000,285600000,284900000,278900000,251900000,217800000
Papua New Guinea,PNG,GDP (current US$),NY.GDP.MKTP.CD,14250755231,17984910502,21295659244,21261432791,23210682538,21723531173,20759069103,22742613554,24109509853,24751344561,23848265896,26594305746
Poland,POL,GDP (current US$),NY.GDP.MKTP.CD,4.75697E+11,5.24383E+11,4.95237E+11,5.15765E+11,5.39088E+11,4.77111E+11,4.70023E+11,5.24646E+11,5.88783E+11,5.96055E+11,5.99449E+11,6.79445E+11
Pre-demographic dividend,PRE,GDP (current US$),NY.GDP.MKTP.CD,1.05591E+12,1.23025E+12,1.33689E+12,1.46653E+12,1.55738E+12,1.32814E+12,1.2208E+12,1.30138E+12,1.35609E+12,1.40112E+12,1.31635E+12,1.43426E+12
Puerto Rico,PRI,GDP (current US$),NY.GDP.MKTP.CD,98381300000,1.00352E+11,1.01565E+11,1.0245E+11,1.02446E+11,1.03376E+11,1.04337E+11,1.03446E+11,1.00958E+11,1.05126E+11,1.0302E+11,1.06526E+11
"Korea, Dem. People's Rep.",PRK,GDP (current US$),NY.GDP.MKTP.CD,,,,,,,,,,,,
Portugal,PRT,GDP (current US$),NY.GDP.MKTP.CD,2.38113E+11,2.45118E+11,2.16224E+11,2.26434E+11,2.29902E+11,1.99394E+11,2.06426E+11,2.21358E+11,2.42313E+11,2.39987E+11,2.29032E+11,2.53663E+11
Paraguay,PRY,GDP (current US$),NY.GDP.MKTP.CD,27260886405,33756238767,33271921136,38501122141,40377929296,36211447840,36089700223,38997129474,40225448341,37925338329,35432178068,39495431574
West Bank and Gaza,PSE,GDP (current US$),NY.GDP.MKTP.CD,9681500000,11186100000,12208400000,13515500000,13989700000,13972400000,15405400000,16128000000,16276600000,17133500000,15531700000,18036800000
Pacific island small states,PSS,GDP (current US$),NY.GDP.MKTP.CD,6634292997,7737745797,8194344980,8527969870,9269083213,9056069036,9506189696,10256217497,10753159457,10736233419,9515995237,9481916212
Post-demographic dividend,PST,GDP (current US$),NY.GDP.MKTP.CD,4.26909E+13,4.58473E+13,4.57751E+13,4.62299E+13,4.71445E+13,4.45828E+13,4.55905E+13,4.75323E+13,5.03801E+13,5.08793E+13,4.96978E+13,5.49727E+13
French Polynesia,PYF,GDP (current US$),NY.GDP.MKTP.CD,6086643040,6203936563,5692858773,6031828532,6151998958,5325848045,5497037293,5833351478,6135117589,6001384760,5709421969,6054676735
Qatar,QAT,GDP (current US$),NY.GDP.MKTP.CD,1.25122E+11,1.67775E+11,1.86834E+11,1.98728E+11,2.06225E+11,1.6174E+11,1.51732E+11,1.61099E+11,1.83335E+11,1.75838E+11,1.44411E+11,1.79677E+11
Romania,ROU,GDP (current US$),NY.GDP.MKTP.CD,1.70029E+11,1.92614E+11,1.79133E+11,1.8979E+11,1.99712E+11,1.77882E+11,1.85287E+11,2.10147E+11,2.43317E+11,2.51019E+11,2.51362E+11,2.84088E+11
Russian Federation,RUS,GDP (current US$),NY.GDP.MKTP.CD,1.52492E+12,2.04593E+12,2.2083E+12,2.29247E+12,2.05924E+12,1.36348E+12,1.27679E+12,1.5742E+12,1.65733E+12,1.69311E+12,1.48936E+12,1.77878E+12
Rwanda,RWA,GDP (current US$),NY.GDP.MKTP.CD,6121529488,6881379762,7650671477,7815975294,8234762201,8539424910,8690878328,9252834120,9642440646,10356327149,10184345442,11070356519
South Asia,SAS,GDP (current US$),NY.GDP.MKTP.CD,2.06247E+12,2.27734E+12,2.3024E+12,2.36271E+12,2.58779E+12,2.70484E+12,3.01076E+12,3.43388E+12,3.53421E+12,3.65395E+12,3.48701E+12,4.08877E+12
Saudi Arabia,SAU,GDP (current US$),NY.GDP.MKTP.CD,5.28207E+11,6.71239E+11,7.35975E+11,7.46647E+11,7.5635E+11,6.5427E+11,6.44936E+11,6.88586E+11,8.16579E+11,8.03616E+11,7.03368E+11,8.33541E+11
Sudan,SDN,GDP (current US$),NY.GDP.MKTP.CD,74151186600,78403418360,63195499524,66026600235,76818327442,84985132167,1.02944E+11,1.29718E+11,32333780383,32338079165,27034593750,34326058557
Senegal,SEN,GDP (current US$),NY.GDP.MKTP.CD,16121314671,17814284622,17660871726,18918668644,19797254643,17774766636,19040312815,20996564752,23116897847,23398811424,24493157583,27625388352
Singapore,SGP,GDP (current US$),NY.GDP.MKTP.CD,2.39809E+11,2.79351E+11,2.95087E+11,3.07576E+11,3.14851E+11,3.08004E+11,3.18832E+11,3.43193E+11,3.76998E+11,3.75473E+11,3.45296E+11,3.96987E+11
Solomon Islands,SLB,GDP (current US$),NY.GDP.MKTP.CD,898133796.3,1063889652,1185215902,1285917750,1335579570,1307908070,1379482147,1469787256,1615479409,1619154819,1536148246,1631486532
Sierra Leone,SLE,GDP (current US$),NY.GDP.MKTP.CD,2578026297,2942546781,3801862611,4920343195,5015157816,4218723875,3674794530,3719369107,4085114794,4076578543,4063289450,4042237864
El Salvador,SLV,GDP (current US$),NY.GDP.MKTP.CD,18447920000,20283780000,21386150000,21990960000,22593470000,23438240000,24191430000,24979190000,26020850000,26881140000,24563020000,28736940000
San Marino,SMR,GDP (current US$),NY.GDP.MKTP.CD,1881214371,1813752784,1604779648,1678841812,1673973695,1419394771,1468377272,1528630707,1655300873,1616188702,1541204338,
Somalia,SOM,GDP (current US$),NY.GDP.MKTP.CD,,,,4577000000,5024999992,5335000000,5534000000,5609000000,5856000006,6485000000,6883000000,7628000011
Serbia,SRB,GDP (current US$),NY.GDP.MKTP.CD,41819468692,49258136129,43309252921,48394239475,47062206678,39655958843,40692643373,44179055280,50640650221,51514222382,53356480454,63082047650
Sub-Saharan Africa (excluding high income),SSA,GDP (current US$),NY.GDP.MKTP.CD,1.45603E+12,1.64308E+12,1.70664E+12,1.81354E+12,1.89454E+12,1.68864E+12,1.57847E+12,1.71117E+12,1.78072E+12,1.80168E+12,1.71775E+12,1.9276E+12
South Sudan,SSD,GDP (current US$),NY.GDP.MKTP.CD,14602072411,14907308933,11931472169,18426469017,13962212847,11997800760,,,,,,
Sub-Saharan Africa,SSF,GDP (current US$),NY.GDP.MKTP.CD,1.45699E+12,1.64414E+12,1.70769E+12,1.81487E+12,1.89592E+12,1.69006E+12,1.57996E+12,1.71275E+12,1.78236E+12,1.80336E+12,1.71901E+12,1.92905E+12
Small states,SST,GDP (current US$),NY.GDP.MKTP.CD,3.93967E+11,4.74622E+11,4.95847E+11,5.15643E+11,5.32632E+11,4.55047E+11,4.46925E+11,4.8279E+11,5.29991E+11,5.21528E+11,4.53728E+11,5.38706E+11
Sao Tome and Principe,STP,GDP (current US$),NY.GDP.MKTP.CD,196652514.3,231489270.1,250680845.7,300554483.6,346528329.2,316066072.3,345495615,375614126.2,412253809.7,427425039.7,472551022.5,526653790.7
Suriname,SUR,GDP (current US$),NY.GDP.MKTP.CD,4368398048,4422276622,4980000000,5145757576,5240606061,5126188135,3317437626,3591660724,3996204757,4016040575,2911807496,2984706244
Slovak Republic,SVK,GDP (current US$),NY.GDP.MKTP.CD,91162836320,99922685425,94623731086,98935222175,1.01437E+11,88900883131,89952699525,95649966261,1.06138E+11,1.0572E+11,1.06697E+11,1.16527E+11
Slovenia,SVN,GDP (current US$),NY.GDP.MKTP.CD,48208240226,51583869785,46577793184,48415657265,49997186439,43107506024,44766722791,48589100043,54177882426,54331588482,53706800044,61748586535
Sweden,SWE,GDP (current US$),NY.GDP.MKTP.CD,4.95813E+11,5.74094E+11,5.52484E+11,5.86842E+11,5.81964E+11,5.05104E+11,5.15655E+11,5.41019E+11,5.55455E+11,5.3388E+11,5.47054E+11,6.35664E+11
Eswatini,SWZ,GDP (current US$),NY.GDP.MKTP.CD,4438778424,4820499924,4886533033,4597532030,4422968340,4063245671,3816022047,4402969226,4665237415,4495264161,3982226055,4743335153
Sint Maarten (Dutch part),SXM,GDP (current US$),NY.GDP.MKTP.CD,,936089385.5,985865921.8,1022905028,1245251397,1253072626,1263687151,1191620112,1185474860,,,
Seychelles,SYC,GDP (current US$),NY.GDP.MKTP.CD,969936525.3,1065826670,1059498884,1328091522,1387581392,1416001322,1490228319,1573433081,1636312010,1684373490,1261198524,1454458184
Syrian Arab Republic,SYR,GDP (current US$),NY.GDP.MKTP.CD,2.52518E+11,67539427671,43190317725,21361254648,21502061462,16468399180,12598742887,16369724433,21351730539,22443299775,11079795397,
Turks and Caicos Islands,TCA,GDP (current US$),NY.GDP.MKTP.CD,686787800,728789600,727161000,754238000,841070000,942070000,1032452000,1022365000,1113178000,1197415000,924583000,943269800
Chad,TCD,GDP (current US$),NY.GDP.MKTP.CD,10668102735,12172309523,12367363678,12953535496,13940768066,10950392220,10097778354,10000395242,11239167048,11314951343,10715396135,11779980802
East Asia & Pacific (IDA & IBRD countries),TEA,GDP (current US$),NY.GDP.MKTP.CD,7.87908E+12,9.63293E+12,1.07451E+13,1.18557E+13,1.27822E+13,1.33103E+13,1.35948E+13,1.48581E+13,1.6619E+13,1.71857E+13,1.74644E+13,2.07252E+13
Europe & Central Asia (IDA & IBRD countries),TEC,GDP (current US$),NY.GDP.MKTP.CD,3.65946E+12,4.45041E+12,4.64644E+12,4.91482E+12,4.64305E+12,3.62663E+12,3.48544E+12,3.90931E+12,4.07695E+12,4.15804E+12,3.89172E+12,4.55039E+12
Togo,TGO,GDP (current US$),NY.GDP.MKTP.CD,3429461495,3872459250,3873308389,4321655656,4574986537,4180866177,6031632168,6395472574,7112200725,7220395248,7574636979,8413200568
Thailand,THA,GDP (current US$),NY.GDP.MKTP.CD,3.41105E+11,3.70819E+11,3.97558E+11,4.20333E+11,4.07339E+11,4.01296E+11,4.13366E+11,4.56357E+11,5.06755E+11,5.44081E+11,4.99682E+11,5.05947E+11
Tajikistan,TJK,GDP (current US$),NY.GDP.MKTP.CD,5642178580,6522732203,7633049792,8448469838,9112544556,8271454301,6992393787,7536439875,7765014424,8300784857,8133996648,8746270636
Turkmenistan,TKM,GDP (current US$),NY.GDP.MKTP.CD,22583157895,29233333333,35164210526,39197543860,43524210526,35799714286,36169428571,37926285714,40765428571,45231428571,,
Latin America & the Caribbean (IDA & IBRD countries),TLA,GDP (current US$),NY.GDP.MKTP.CD,5.1583E+12,5.88471E+12,5.94445E+12,6.09123E+12,6.21106E+12,5.14381E+12,5.01517E+12,5.59236E+12,5.46129E+12,5.36742E+12,4.49446E+12,5.18313E+12
Timor-Leste,TLS,GDP (current US$),NY.GDP.MKTP.CD,881827794.9,1042411479,1160389551,1395519568,1447310449,1594447631,1650619370,1595724261,1563887944,2028551628,2158392540,3621222382
Middle East & North Africa (IDA & IBRD countries),TMN,GDP (current US$),NY.GDP.MKTP.CD,1.57045E+12,1.6165E+12,1.74393E+12,1.60162E+12,1.58687E+12,1.4251E+12,1.46044E+12,1.44815E+12,1.37453E+12,1.37643E+12,1.25855E+12,1.47571E+12
Tonga,TON,GDP (current US$),NY.GDP.MKTP.CD,366840012.4,414523388.5,470714083.4,450643615.2,439878828,437006227.2,420540178.6,460379145,488903272.9,512057749,484806718.3,469231309.5
South Asia (IDA & IBRD),TSA,GDP (current US$),NY.GDP.MKTP.CD,2.06247E+12,2.27734E+12,2.3024E+12,2.36271E+12,2.58779E+12,2.70484E+12,3.01076E+12,3.43388E+12,3.53421E+12,3.65395E+12,3.48701E+12,4.08877E+12
Sub-Saharan Africa (IDA & IBRD countries),TSS,GDP (current US$),NY.GDP.MKTP.CD,1.45699E+12,1.64414E+12,1.70769E+12,1.81487E+12,1.89592E+12,1.69006E+12,1.57996E+12,1.71275E+12,1.78236E+12,1.80336E+12,1.71901E+12,1.92905E+12
Trinidad and Tobago,TTO,GDP (current US$),NY.GDP.MKTP.CD,22157948396,25433011405,27121712423,28557451143,29489012807,26851970254,23496215885,23797686966,24322359035,23849557812,21059428851,24460196271
Tunisia,TUN,GDP (current US$),NY.GDP.MKTP.CD,46206091938,48122744708,47311159485,48684187850,50271072628,45780077488,44360754190,42163966273,42685972269,41906113686,42537832456,46686741814
Turkiye,TUR,GDP (current US$),NY.GDP.MKTP.CD,7.76993E+11,8.38763E+11,8.80556E+11,9.57783E+11,9.38953E+11,8.64317E+11,8.69693E+11,8.58996E+11,7.78472E+11,7.59937E+11,7.20289E+11,8.19035E+11
Tuvalu,TUV,GDP (current US$),NY.GDP.MKTP.CD,32104201.06,39195461.58,39345620.21,38617493.72,38759689.92,36811659.53,41629497.47,45217657.88,47818290.5,54223149.11,55054710.62,63100961.54
Tanzania,TZA,GDP (current US$),NY.GDP.MKTP.CD,32014247548,34657141721,39650522646,45680532614,49964825081,47378603784,49774004999,53320647489,57003685912,61136873692,62409709111,67841049193
Uganda,UGA,GDP (current US$),NY.GDP.MKTP.CD,26673441667,27871725206,27305915761,28915786997,32612397758,32387183845,29203988815,30744473912,32927025573,35353060634,37600368181,40529789026
Ukraine,UKR,GDP (current US$),NY.GDP.MKTP.CD,1.4121E+11,1.69333E+11,1.82592E+11,1.90499E+11,1.33503E+11,91030959455,93355993629,1.12091E+11,1.30891E+11,1.53883E+11,1.56618E+11,2.00086E+11
Upper middle income,UMC,GDP (current US$),NY.GDP.MKTP.CD,1.46043E+13,1.76476E+13,1.89148E+13,2.03066E+13,2.09396E+13,1.96635E+13,1.95498E+13,2.16448E+13,2.33045E+13,2.36817E+13,2.28514E+13,2.71041E+13
Uruguay,URY,GDP (current US$),NY.GDP.MKTP.CD,40284481652,47962439304,51264390116,57531233351,57236013086,53274304222,57236652490,64233966861,64515038268,61231149881,53560755047,59319484711
United States,USA,GDP (current US$),NY.GDP.MKTP.CD,1.5049E+13,1.55997E+13,1.6254E+13,1.68432E+13,1.75507E+13,1.8206E+13,1.86951E+13,1.94773E+13,2.05331E+13,2.1381E+13,2.10605E+13,2.33151E+13
Uzbekistan,UZB,GDP (current US$),NY.GDP.MKTP.CD,49765676402,60178909297,67517349212,73180036692,80845384375,86196265192,86138288615,62081323299,52633143808,59907674027,59894305353,69238903106
St. Vincent and the Grenadines,VCT,GDP (current US$),NY.GDP.MKTP.CD,720447888.9,713796370.4,730032592.6,764781259.3,770901444.4,786554592.6,814302259.3,847620222.2,884328185.2,910149703.7,872134555.6,904181492.8
"Venezuela, RB",VEN,GDP (current US$),NY.GDP.MKTP.CD,3.93192E+11,3.16482E+11,3.81286E+11,3.71005E+11,4.82359E+11,,,,,,,
British Virgin Islands,VGB,GDP (current US$),NY.GDP.MKTP.CD,,,,,,,,,,,,
Virgin Islands (U.S.),VIR,GDP (current US$),NY.GDP.MKTP.CD,4324000000,4223000000,4089000000,3738000000,3565000000,3663000000,3798000000,3794000000,3922000000,4117000000,4204000000,
Vietnam,VNM,GDP (current US$),NY.GDP.MKTP.CD,1.47201E+11,1.72595E+11,1.95591E+11,2.13709E+11,2.33451E+11,2.39258E+11,2.57096E+11,2.81354E+11,3.10106E+11,3.34365E+11,3.46616E+11,3.66138E+11
Vanuatu,VUT,GDP (current US$),NY.GDP.MKTP.CD,670713208.1,770153304.2,747839697.7,758304466.2,772315721.3,730870581.7,780889605.9,880062103,914736985.4,936526267.6,896879875.2,956332655.7
World,WLD,GDP (current US$),NY.GDP.MKTP.CD,6.66056E+13,7.38575E+13,7.55004E+13,7.76062E+13,7.97326E+13,7.51864E+13,7.64694E+13,8.14095E+13,8.6467E+13,8.76543E+13,8.51163E+13,9.65274E+13
Samoa,WSM,GDP (current US$),NY.GDP.MKTP.CD,680250453.1,744104842.1,773157453.3,797728653.3,796698269.2,824160018.2,843929640,884847176.2,878435084.2,912944537.8,868904477.7,843842416.5
Kosovo,XKX,GDP (current US$),NY.GDP.MKTP.CD,5344014318,6341737194,6163785173,6735731173,7074657898,6295820482,6682832632,7180813376,7878508503,7899879086,7716925356,9412034299
"Yemen, Rep.",YEM,GDP (current US$),NY.GDP.MKTP.CD,30906749533,32726417878,35401323350,40415233436,43228585321,42444495590,31317828584,26842231205,21606161066,,,
South Africa,ZAF,GDP (current US$),NY.GDP.MKTP.CD,4.17365E+11,4.58202E+11,4.34401E+11,4.00886E+11,3.81199E+11,3.4671E+11,3.23586E+11,3.81449E+11,4.0416E+11,3.88532E+11,3.3762E+11,4.19015E+11
Zambia,ZMB,GDP (current US$),NY.GDP.MKTP.CD,20265559484,23459515276,25503060420,28037239463,27141023558,21251216799,20958412538,25873601261,26311590297,23308667781,18110631358,22147634727
Zimbabwe,ZWE,GDP (current US$),NY.GDP.MKTP.CD,12041655180,14101920310,17114849880,19091019990,19495519630,19963120610,20548678070,17584890937,34156069918,21832234926,21509698406,28371238666
